old_user001,lWvXPZ
old_user002,HZFyuU
old_user003,pEPi1m
old_user004,BBXFlh
old_user005,dif8dd
old_user006,M9ehSy
old_user007,sAOYxy
old_user008,IqZLap
old_user009,7O80qT
old_user010,WUIIax
old_user011,tueloA
old_user012,mykuEB
old_user013,oyW5eE
old_user014,YPz19y
old_user015,okihTm
old_user016,3BL8it
old_user017,OYVgfX
old_user018,tkjfVX
old_user019,wBRj6W
old_user020,Fq9Dsj
old_user021,3ZuSb1
old_user022,37tpOG
old_user023,hYJXf5
old_user024,fY7coz
old_user025,LsBYAl
old_user026,n93R4t
old_user027,JijGRJ
old_user028,jQWDVA
old_user029,OK0VmO
old_user030,uEGp8o
old_user031,UO4pNX
old_user032,L1npOy
old_user033,Wzl3yA
old_user034,r0y73r
old_user035,6sbdkG
old_user036,WDBf8k
old_user037,08NfBr
old_user038,aRAsB9
old_user039,gkxtf6
old_user040,QrW4ED
old_user041,zXJjgh
old_user042,o2wOA4
old_user043,UpS6Du
old_user044,kUYZ2C
old_user045,mzOc83
old_user046,0Xwy2F
old_user047,LdxO9W
old_user048,a4RFA3
old_user049,dfJulz
old_user050,WmzsB8
old_user051,WfE8oe
old_user052,doH3GR
old_user053,HsXF00
old_user054,b3masm
old_user055,Fy2uvd
old_user056,Lpy6Ui
old_user057,xTuhR1
old_user058,K4DL5f
old_user059,GXF2wn
old_user060,AGPtWG
old_user061,gcOpXc
old_user062,qDq4A0
old_user063,lRUJ0F
old_user064,mMuf2G
old_user065,dsU7Ot
old_user066,qxqxAj
old_user067,BczoKB
old_user068,rlqMyP
old_user069,tjK3EW
old_user070,2GSbMB
old_user071,erxxtA
old_user072,m7iv5n
old_user073,Gccqrp
old_user074,Gm95HB
old_user075,8eBqc2
old_user076,kniotU
old_user077,fgaDwz
old_user078,ZlmuWG
old_user079,BxXY0y
old_user080,yKnZEr
old_user081,xyxrwW
old_user082,TuSakU
old_user083,rVvapS
old_user084,5uJ7in
old_user085,3X5oSo
old_user086,WDrstv
old_user087,yx8au8
old_user088,intK91
old_user089,OYDkoo
old_user090,MvSH8Z
old_user091,9TTXwP
old_user092,UpctUM
old_user093,wkXfKZ
old_user094,q4U1cF
old_user095,8duPq2
old_user096,RyHv4f
old_user097,zaX7Me
old_user098,kgt76w
old_user099,5p3iAL
old_user100,5RMMYF
old_user101,dJ4cxR
old_user102,lR1INJ
old_user103,ypdCFF
old_user104,d6yFGk
old_user105,lZJ59P
old_user106,1mGaKY
old_user107,r7tDCx
old_user108,yC46OG
old_user109,TSQWkp
old_user110,WjNs6W
old_user111,9UGT4G
old_user112,UQyif1
old_user113,xhlfOr
old_user114,T4ObwM
old_user115,64lEmD
old_user116,BKg5zr
old_user117,2DeT1N
old_user118,UqphW2
old_user119,wUzbHN
old_user120,ogwVm3
old_user121,cQmS2r
old_user122,Xrpetl
old_user123,6GIzIg
old_user124,nIBRa0
old_user125,yIJsRa
old_user126,jKK4Dc
old_user127,dJFfOa
old_user128,RAu9xw
old_user129,25VLJA
old_user130,6wT01t
old_user131,TYPqsL
old_user132,Sxmu6w
old_user133,ZIkywH
old_user134,rRoPxf
old_user135,xrp9Ep
old_user136,6x0RrD
old_user137,0Rziko
old_user138,yuUSqP
old_user139,S0XgeX
old_user140,vvN3Ry
old_user141,Kfn0XZ
old_user142,v0BgGt
old_user143,V6RXdo
old_user144,LD0Suo
old_user145,wMiDZj
old_user146,55t6t6
old_user147,FIJYFQ
old_user148,m1sbeV
old_user149,5dzpF0
old_user150,mByoI4
old_user151,Pi5wO2
old_user152,XRO8IG
old_user153,50SVWB
old_user154,PMrwkM
old_user155,zT7uvp
old_user156,yN74GC
old_user157,ETW36P
old_user158,Mwgl4g
old_user159,LTr0XT
old_user160,HfHFsh
old_user161,yYy1Xw
old_user162,TOCFyo
old_user163,AlIRu3
old_user164,SpZDnt
old_user165,AXjgHl
old_user166,d2NarY
old_user167,gcaD7W
old_user168,HAdYRZ
old_user169,z6S6VN
old_user170,FNjCKf
old_user171,Z6Fiuz
old_user172,PQRDzW
old_user173,4F3pZq
old_user174,l6Fr6k
old_user175,1cdeCO
old_user176,VQ07Zz
old_user177,5La9eX
old_user178,muQarv
old_user179,6PTO1p
old_user180,k0cKMl
old_user181,KeY7al
old_user182,xj9ZIv
old_user183,PSwxLs
old_user184,iIeC3d
old_user185,CbIUUa
old_user186,qijVrI
old_user187,FM3Vrx
old_user188,77wwYC
old_user189,SAnhLV
old_user190,l5bBaC
old_user191,HbQMKU
old_user192,ZeosRb
old_user193,cyMp2z
old_user194,AprFlf
old_user195,CaZfk1
old_user196,inommr
old_user197,ZcFhVQ
old_user198,5BZ2SA
old_user199,wUFEom
old_user200,HGDZHe
old_user201,lh3A6h
old_user202,vdjtx5
old_user203,3DKW29
old_user204,ib1Cwo
old_user205,7ZKxTq
old_user206,6z8UjJ
old_user207,p4FjoD
old_user208,hoNFsa
old_user209,IXSPi7
old_user210,qBdPbe
old_user211,C5CnSe
old_user212,hcTEF4
old_user213,swvkF4
old_user214,MRjxJB
old_user215,i1tiff
old_user216,hC8okV
old_user217,FAXNUR
old_user218,RkMjsd
old_user219,E6UOox
old_user220,iU39ti
old_user221,Yk57iB
old_user222,oVOa7R
old_user223,0z4K58
old_user224,KMAoBh
old_user225,7uwYss
old_user226,ExpaI6
old_user227,mh2Loq
old_user228,D4bqzy
old_user229,OC1Gq4
old_user230,S58aTi
old_user231,i4BOa9
old_user232,JwxA2r
old_user233,CYtdrb
old_user234,C7YVvr
old_user235,l0vqer
old_user236,VFtz6o
old_user237,JiaB7H
old_user238,aB9Ekh
old_user239,0SaXZF
old_user240,bEJimM
old_user241,qajcHk
old_user242,zgMt3f
old_user243,ui7Gec
old_user244,1doQ4c
old_user245,vZM04Q
old_user246,zlT2Wp
old_user247,YeFAyZ
old_user248,bk4WPo
old_user249,CmydG7
old_user250,FV22JL
old_user251,bKblrJ
old_user252,MWUQyl
old_user253,UT6QA8
old_user254,GjIgGk
old_user255,HFiH7I
old_user256,yOg7tp
old_user257,OeIuCv
old_user258,3uibCK
old_user259,Z01MoM
old_user260,R3NQ8H
old_user261,iF8CrZ
old_user262,MEF2YW
old_user263,kQIUD2
old_user264,6utLSI
old_user265,Oc4V6n
old_user266,pvZ0VA
old_user267,SgQazt
old_user268,MSipmU
old_user269,LyV1E9
old_user270,g9eCsX
old_user271,PFvU6v
old_user272,F94Lro
old_user273,4jAhML
old_user274,1aXTPD
old_user275,6ehIcP
old_user276,Z3iaAb
old_user277,zR4m46
old_user278,geG0EA
old_user279,TrEmWG
old_user280,1Svhxh
old_user281,RQ78dg
old_user282,hqJQiU
old_user283,bVyPU6
old_user284,N1dT2x
old_user285,QeDyFQ
old_user286,3nmlkF
old_user287,nVAPML
old_user288,qR3lpy
old_user289,due8Zy
old_user290,onzWcb
old_user291,gUEk0m
old_user292,neXktK
old_user293,aTB0Mb
old_user294,C5cyxQ
old_user295,LmRYim
old_user296,Vhnst8
old_user297,Prv3V3
old_user298,kweGVV
old_user299,2aRDpY
old_user300,uFmUCd
old_user301,oUq8is
old_user302,Q1twri
old_user303,naaiLO
old_user304,uMSkf5
old_user305,BLNn3K
old_user306,XLG7gL
old_user307,fwZiPl
old_user308,S8jCAI
old_user309,hCqvLa
old_user310,ZXy2tX
old_user311,q0tqHS
old_user312,oWuwop
old_user313,Wmi2KG
old_user314,fXg5XO
old_user315,4MdzAs
old_user316,9s4eWq
old_user317,7YLFji
old_user318,i7b27A
old_user319,lIqCqf
old_user320,RuCgxM
old_user321,vV96Xv
old_user322,pNkJLo
old_user323,W2wC2z
old_user324,SQm7Mj
old_user325,Lyjcdv
old_user326,9SHyjJ
old_user327,OrqFpo
old_user328,lenIp5
old_user329,f6Fz1d
old_user330,zTA073
old_user331,gXrQKJ
old_user332,GudIu0
old_user333,SOGXk3
old_user334,Ygh3xd
old_user335,qzTolT
old_user336,Dz0KDW
old_user337,g9YCU2
old_user338,EFbZtm
old_user339,hW1nDj
old_user340,VDttdw
old_user341,m2WSg4
old_user342,vQpf3U
old_user343,D7fX4n
old_user344,88xRSI
old_user345,jzyd71
old_user346,DwQd2C
old_user347,ouQKfc
old_user348,x1VYm3
old_user349,CIDtZy
old_user350,REDWef
old_user351,uqolBs
old_user352,D00gt5
old_user353,nqSV73
old_user354,wFfDl6
old_user355,TYy1wx
old_user356,R2X11F
old_user357,OZ9WqJ
old_user358,ItLJpg
old_user359,ciJd76
old_user360,Fc7MEl
old_user361,T2ttJu
old_user362,y0GcqW
old_user363,4caWqL
old_user364,H0KodD
old_user365,v5RZ4F
old_user366,SC8GU5
old_user367,bZUUQ4
old_user368,cO4FVH
old_user369,PiYY6D
old_user370,XEB0SI
old_user371,R3wq4B
old_user372,9OtDsp
old_user373,mGNaea
old_user374,hxFvlw
old_user375,OsZE2U
old_user376,1fBfxO
old_user377,3NXAqB
old_user378,XmZFB0
old_user379,3K8W0J
old_user380,RKQ5Mq
old_user381,PqjDYq
old_user382,NsjAHG
old_user383,6fUSb4
old_user384,DgdIGB
old_user385,ot8D5T
old_user386,vfDQMA
old_user387,WeTW6w
old_user388,bEIc4y
old_user389,RfsaUF
old_user390,0FaojL
old_user391,6kt9IY
old_user392,wFgxgr
old_user393,B12B1y
old_user394,BfUJ5Y
old_user395,oXwTrV
old_user396,w45OBe
old_user397,xwnU5l
old_user398,MI2qqQ
old_user399,qBuYFZ
old_user400,G8Uvmv
old_user401,sSHbfh
old_user402,fP1KP8
old_user403,BaPIee
old_user404,7NuD0z
old_user405,Dtj0LU
old_user406,1tPKmU
old_user407,dC4SOx
old_user408,YOFPY3
old_user409,y6FJf3
old_user410,RCYtxJ
old_user411,KgKhJo
old_user412,EgVdZT
old_user413,i9Emlx
old_user414,lwFMHl
old_user415,24WTb2
old_user416,iN7cvG
old_user417,UUCUZ3
old_user418,z2A0UC
old_user419,maj9aE
old_user420,kdaOln
old_user421,UKXAt7
old_user422,joikBj
old_user423,0r30SS
old_user424,e0HyfH
old_user425,sxMhrO
old_user426,4VvCak
old_user427,a9v1Zw
old_user428,sKF5DZ
old_user429,wElcg1
old_user430,4lRWSO
old_user431,UCfgTz
old_user432,huc5vL
old_user433,nff421
old_user434,oBj7a7
old_user435,SlZEzA
old_user436,pfRQmd
old_user437,yShNx7
old_user438,eaxHey
old_user439,rfgTAK
old_user440,VyO8gy
old_user441,yGe3U7
old_user442,OR7ry8
old_user443,ocURzp
old_user444,PCVxrf
old_user445,D9hrVD
old_user446,bEzYNq
old_user447,9rSjox
old_user448,Qm2Oxa
old_user449,zcTTln
old_user450,lqrgnv
old_user451,Zk2Cbr
old_user452,LNpbr6
old_user453,HAbsoj
old_user454,iPMPJx
old_user455,ulyKNQ
old_user456,j6Jvhw
old_user457,R0gJSK
old_user458,9t9azn
old_user459,lZUDyh
old_user460,RKsfLK
old_user461,raUmF0
old_user462,qm2rnw
old_user463,0RGHiP
old_user464,5Q1M6P
old_user465,wXZMlS
old_user466,grHCOD
old_user467,2pJ2tG
old_user468,pX2a6G
old_user469,u5dHDW
old_user470,1sji1I
old_user471,ZCXAF0
old_user472,nWLjjm
old_user473,eV3RPr
old_user474,T1o83n
old_user475,xkoPDe
old_user476,Q6Bav6
old_user477,xX3mhg
old_user478,vBHeUS
old_user479,aMgP6Z
old_user480,I3TgZ8
old_user481,6ZN32g
old_user482,FRH4l3
old_user483,a7xvQA
old_user484,1gHu51
old_user485,XhhxHy
old_user486,3QgSL0
old_user487,d8HKZL
old_user488,4wCeAU
old_user489,OLkoDr
old_user490,85ZkQ0
old_user491,D8286x
old_user492,dSn27o
old_user493,4F5CCh
old_user494,jVUGpI
old_user495,uIOMYz
old_user496,GPhB0C
old_user497,DGBqyD
old_user498,RKAdw3
old_user499,RiTNOs
old_user500,s7I7Ls
old_user501,AWmgUt
old_user502,UEpTV0
old_user503,hwMy4j
old_user504,7UUa4C
old_user505,0KzTJa
old_user506,oSw5DD
old_user507,BSwMAo
old_user508,fC0EXH
old_user509,OD9Eqa
old_user510,1txBrZ
old_user511,ZAQk6R
old_user512,vjM48S
old_user513,fDmRct
old_user514,dZ3Hsm
old_user515,0b6DPn
old_user516,4QiVxe
old_user517,3XhHuW
old_user518,inoM0W
old_user519,R6w6fA
old_user520,jWzGta
old_user521,ysWPkF
old_user522,nwc1EC
old_user523,UxMoPr
old_user524,NOBbfF
old_user525,f3LnYh
old_user526,5DDMDJ
old_user527,SW669x
old_user528,ntoYUW
old_user529,Aps7PQ
old_user530,9BWt8r
old_user531,KlNw4P
old_user532,YXbmTx
old_user533,6GXRzW
old_user534,2RE1xF
old_user535,7oFOnT
old_user536,AIxNuR
old_user537,MLNtFy
old_user538,J39IKu
old_user539,lofYSA
old_user540,6CBM7g
old_user541,OGcygJ
old_user542,14pkBE
old_user543,r2jciv
old_user544,jLuGWP
old_user545,1EJVyP
old_user546,YraWxO
old_user547,JjimD6
old_user548,owXg3N
old_user549,eRT6xm
old_user550,ukynrn
old_user551,arVHap
old_user552,qd7mzo
old_user553,Ru9GtG
old_user554,9NgoR2
old_user555,RJghkd
old_user556,HoAgTU
old_user557,n04p5P
old_user558,SS6DwT
old_user559,Pz7RvW
old_user560,TrLymd
old_user561,fXTG2c
old_user562,PlCUbF
old_user563,DGCdat
old_user564,748TgY
old_user565,8zgfCj
old_user566,2tkPgK
old_user567,rto8UY
old_user568,IhmUmW
old_user569,oBhJRw
old_user570,flgtjj
old_user571,LyQBV9
old_user572,HgMVpK
old_user573,vzF1Xr
old_user574,2LBaQW
old_user575,45lWTQ
old_user576,vIklYD
old_user577,rbukch
old_user578,QRZ2jv
old_user579,GqW1dv
old_user580,QXDtQH
old_user581,vtxB0q
old_user582,9fikX9
old_user583,8DwBli
old_user584,0uSAdm
old_user585,6UT1J4
old_user586,edFGcC
old_user587,ocL4iV
old_user588,PHnoik
old_user589,uL88z0
old_user590,AI4tTj
old_user591,r0kZeJ
old_user592,iLUUJi
old_user593,P8Zoqk
old_user594,TfSaVl
old_user595,rYPK2I
old_user596,Kyh8pW
old_user597,NOzdfC
old_user598,BtUoQU
old_user599,M8gQSK
old_user600,bJ0yZB
old_user601,EP0VcG
old_user602,dl6M0J
old_user603,9oMWnc
old_user604,vNbnjD
old_user605,kSBIyT
old_user606,RSWtgC
old_user607,Tns2lL
old_user608,pFqtRh
old_user609,f5A7XU
old_user610,U21fJh
old_user611,eutK9x
old_user612,s89B11
old_user613,eIk9QF
old_user614,ekv3g7
old_user615,WKmzlc
old_user616,bdkLOS
old_user617,mIKKma
old_user618,6tDKO2
old_user619,9qSFYl
old_user620,O6bidj
old_user621,X68h8E
old_user622,bBr0SG
old_user623,ne6iL9
old_user624,9xTdkp
old_user625,zg5siM
old_user626,aORTdH
old_user627,cxBWOo
old_user628,QvaEOK
old_user629,uNzoXu
old_user630,m3HoZR
old_user631,Gype4Y
old_user632,CSw2JG
old_user633,iXl3rN
old_user634,aW88Cl
old_user635,TkqGHT
old_user636,h4sYaB
old_user637,jubUiO
old_user638,9j9B6i
old_user639,iKRss8
old_user640,KYOh0x
old_user641,DI9ren
old_user642,epp9aq
old_user643,EARVja
old_user644,bSn8Hw
old_user645,jCTAen
old_user646,WqgS6r
old_user647,uIBMia
old_user648,9GDPZv
old_user649,3NPjYG
old_user650,Ql46q8
old_user651,dJQkfj
old_user652,cLWAzw
old_user653,4ni3pi
old_user654,9acE1k
old_user655,K4JsV5
old_user656,JIRDyA
old_user657,9b0cst
old_user658,1ggIh7
old_user659,dF4vx7
old_user660,8uMTNx
old_user661,eMzf7y
old_user662,N74VUU
old_user663,83jZId
old_user664,euqYRi
old_user665,rxZRxs
old_user666,chERa1
old_user667,hJXq9v
old_user668,nxyJNf
old_user669,UgGjdy
old_user670,MEdXWl
old_user671,oxFMPI
old_user672,FHfV0C
old_user673,wNAPqJ
old_user674,LswkfO
old_user675,LA5QKD
old_user676,aR1jfv
old_user677,I1hJRn
old_user678,21wLkG
old_user679,QZw9s7
old_user680,CILj2m
old_user681,1zwXMy
old_user682,Mmr2Pe
old_user683,xm9web
old_user684,WmnpJP
old_user685,SXbwGT
old_user686,kcynRV
old_user687,I5iMzt
old_user688,Ws37v6
old_user689,qcAaGT
old_user690,w8Gef1
old_user691,jXdZxq
old_user692,Dm6j1K
old_user693,7nhsmg
old_user694,eBEI0S
old_user695,z3UoNF
old_user696,Cqwy5e
old_user697,0a169w
old_user698,Sckr5a
old_user699,t9B0XX
old_user700,XGNFhF
old_user701,AfjGQr
old_user702,PI7uHd
old_user703,TyyZqY
old_user704,a1hx0f
old_user705,4ijd5l
old_user706,RDUmPP
old_user707,z5YAm9
old_user708,09NQKn
old_user709,uC7Ovs
old_user710,X3KyDA
old_user711,392oKq
old_user712,qredOv
old_user713,YkZQ0H
old_user714,CrlUN6
old_user715,6KxVlB
old_user716,HE4Zna
old_user717,RoSnin
old_user718,nm8Zw8
old_user719,zYo5n6
old_user720,5EQaxH
old_user721,okzMCN
old_user722,zvEk9L
old_user723,JJP928
old_user724,86Oq5k
old_user725,OFP8O9
old_user726,A1nkk6
old_user727,W418DB
old_user728,6lOISJ
old_user729,aoYLte
old_user730,O0P8I1
old_user731,MfdC6l
old_user732,9P0W6t
old_user733,9W9Jz3
old_user734,I6nOJl
old_user735,a1Er0u
old_user736,L3Vmbk
old_user737,DJm7y8
old_user738,9QfFqx
old_user739,TqF3c6
old_user740,wLCxUS
old_user741,YGKbFM
old_user742,2z3ydK
old_user743,S3Yeq5
old_user744,VppOtH
old_user745,zkdz7M
old_user746,MhV7uE
old_user747,m61ZQ9
old_user748,ZxuKoV
old_user749,ai2GnU
old_user750,3HWUMx
old_user751,681R6Q
old_user752,0S1bQc
old_user753,jepnuM
old_user754,yQpKj1
old_user755,qz1Hsg
old_user756,3lLnez
old_user757,rzzIjF
old_user758,7FYs60
old_user759,vHFpRX
old_user760,9ICtgl
old_user761,lT6xe5
old_user762,y3ABVu
old_user763,Yb0P3p
old_user764,G9jwK5
old_user765,G4ii44
old_user766,Er8Gsx
old_user767,dNqHEW
old_user768,vRdIJX
old_user769,mgWOFr
old_user770,K1Khe0
old_user771,RpM5v0
old_user772,IRl3yx
old_user773,7NINcr
old_user774,PDNFdz
old_user775,gpkdF1
old_user776,6wjaz4
old_user777,udMmBQ
old_user778,4t2p7Y
old_user779,mNkvwm
old_user780,AYMOun
old_user781,Jhi1y5
old_user782,5zFOPs
old_user783,3knBfn
old_user784,zkSIC1
old_user785,vusmFn
old_user786,ZMxvJl
old_user787,QCYgqy
old_user788,6I2uHj
old_user789,cXyNm8
old_user790,uNQh7n
old_user791,uNL88d
old_user792,RpyxXf
old_user793,BTvvUx
old_user794,oTLfbB
old_user795,o8NzFC
old_user796,uYhVdf
old_user797,EiHRDj
old_user798,m9h7c3
old_user799,r05ORm
old_user800,Li7ML4
old_user801,94TZ9C
old_user802,IbPbKn
old_user803,tUuMFj
old_user804,Ww8FfH
old_user805,gxqDyY
old_user806,V917M9
old_user807,HJRLz1
old_user808,a129Ad
old_user809,g22Y9C
old_user810,n7B1up
old_user811,NwriRU
old_user812,FjA4EG
old_user813,vjXhRL
old_user814,nZUgRP
old_user815,8XHUQJ
old_user816,9udO1T
old_user817,Vr4tcP
old_user818,8aw0hH
old_user819,6l8zyK
old_user820,CJXyOZ
old_user821,6oZVOj
old_user822,UtomCK
old_user823,0uYIng
old_user824,DvackD
old_user825,b440tu
old_user826,miUrdZ
old_user827,GdoG9k
old_user828,B3tDHo
old_user829,UkZFZS
old_user830,fqhQL8
old_user831,Vyit1B
old_user832,n0ajIr
old_user833,J7vJO9
old_user834,Qd1TKh
old_user835,l5xj3K
old_user836,Wmhckk
old_user837,XblKY3
old_user838,jKXx5k
old_user839,ErgKLh
old_user840,nhovIv
old_user841,KEtf78
old_user842,Ae2gQ2
old_user843,u7jmDy
old_user844,7DAEGq
old_user845,gvs3H8
old_user846,bDV1R8
old_user847,v0DubC
old_user848,ap98vm
old_user849,mpB2MO
old_user850,X4Aw5u
old_user851,iHtnj8
old_user852,mCFFIh
old_user853,mlakvx
old_user854,C4p90x
old_user855,m7xYLk
old_user856,rms2wt
old_user857,39pzqh
old_user858,pnlHGK
old_user859,5HSOnZ
old_user860,P6r4wV
old_user861,c3ct0H
old_user862,QfxWBp
old_user863,cCV6lF
old_user864,bdWNmf
old_user865,hcimvh
old_user866,LfQDVr
old_user867,7jp4Do
old_user868,LrojJx
old_user869,8sBVBC
old_user870,0QnYs2
old_user871,BN0ie8
old_user872,UafkBa
old_user873,wKFVw5
old_user874,IQsP1a
old_user875,sQwEtF
old_user876,BwyS6b
old_user877,4iVd9M
old_user878,Eo1Sdl
old_user879,StPboI
old_user880,HeJTy8
old_user881,FK9rdX
old_user882,w5uZul
old_user883,ql4W3T
old_user884,qRjD2Q
old_user885,uTznSS
old_user886,WwTcOl
old_user887,vjAZwu
old_user888,XAMJ6w
old_user889,wCL4Wv
old_user890,L0gH16
old_user891,02DtYg
old_user892,cGVpxE
old_user893,2qjuRr
old_user894,v2Zbn2
old_user895,rVisR3
old_user896,mprHbY
old_user897,nofBvr
old_user898,VscU9C
old_user899,UdhO3V
old_user900,9rmgWo
old_user901,Nutjwx
old_user902,3bmdds
old_user903,rwQHjZ
old_user904,ZbpHWD
old_user905,GMmg25
old_user906,EK3cLn
old_user907,ftvee4
old_user908,Qy0RVn
old_user909,BrvL5P
old_user910,zmh4Gi
old_user911,m3QXYu
old_user912,abHakA
old_user913,yGGdxo
old_user914,dSuG0E
old_user915,b206tw
old_user916,WnWkzc
old_user917,GnB1Jk
old_user918,2hiLvz
old_user919,hZsrB2
old_user920,migcNJ
old_user921,Im2F14
old_user922,zl8nGE
old_user923,oXJTge
old_user924,nsVSrk
old_user925,1va26B
old_user926,VpqyCg
old_user927,bBxcgO
old_user928,bHf9hk
old_user929,rEF9OO
old_user930,wk8RP5
old_user931,ssv9FK
old_user932,HepM5m
old_user933,QGeoZP
old_user934,4NC2ZW
old_user935,GehwM9
old_user936,NLZIwi
old_user937,BJBzZS
old_user938,kTfwjV
old_user939,fkr7Zc
old_user940,Zu9KMM
old_user941,50I4lD
old_user942,kWYVEF
old_user943,kbqiFm
old_user944,VFcI7J
old_user945,7Agcyn
old_user946,a1MO67
old_user947,1OjZlA
old_user948,GYuuKu
old_user949,rpQs03
old_user950,FrKFNO
old_user951,SW4Go2
old_user952,QBRbOg
old_user953,VGiYrU
old_user954,jYmqvm
old_user955,77bceI
old_user956,stktbL
old_user957,es5zqy
old_user958,N0u7mm
old_user959,eRQger
old_user960,hom0lQ
old_user961,jZ8MNP
old_user962,FKShaH
old_user963,O1h9IY
old_user964,KIphmJ
old_user965,ExeH2R
old_user966,nheTlJ
old_user967,ENf5qu
old_user968,ooQiJG
old_user969,PKlNNf
old_user970,ChZ5EE
old_user971,3EWgfB
old_user972,gRXCVK
old_user973,1i28YX
old_user974,pYnXYo
old_user975,Sq5W5N
old_user976,plrUu7
old_user977,Z3yYtG
old_user978,g5QKZt
old_user979,sJM0fP
old_user980,LlDB9l
old_user981,2L9kNf
old_user982,nTZzdx
old_user983,hiw482
old_user984,1vKsbr
old_user985,7R98sM
old_user986,tV5zN6
old_user987,wV5DNx
old_user988,EM3JPI
old_user989,sZz3Ay
old_user990,HKG1XC
old_user991,XwYqJx
old_user992,eKP9Ic
old_user993,TpCs6g
old_user994,YOnDHb
old_user995,WBevGJ
old_user996,tmKNB2
old_user997,SnsOww
old_user998,YNwobh
old_user999,V9lm77
old_user1000,Q9H1EA
