login,password,role
admin001,R35YvRGA,admin
admin002,G8bHDwRA,admin
admin003,3PHNqrte,admin
admin004,GXysI2pJ,admin
admin005,rVhVwjVn,admin
admin006,ASdIUexs,admin
admin007,4DwQDJOk,admin
admin008,WFBorMsy,admin
admin009,1hjcB9jB,admin
admin010,uEANKEAl,admin
admin011,LbFykzbZ,admin
admin012,jXNR3134,admin
admin013,9BcfrZkh,admin
admin014,PVzye0FF,admin
admin015,YljeEsI9,admin
admin016,fAwh9rRt,admin
admin017,ZlFnZn4q,admin
admin018,4BKwKBKW,admin
admin019,ZBuMSlVi,admin
admin020,LwvhNHNb,admin
admin021,fDqlTRTy,admin
admin022,t4gzMiB1,admin
admin023,GB7bSk9k,admin
admin024,m2bz8vge,admin
admin025,dGZfZ0Ea,admin
admin026,0oTBzbLn,admin
admin027,FGEQtM4k,admin
admin028,6uwQM6ku,admin
admin029,Mdnw13t6,admin
admin030,pSpnA350,admin
admin031,9llhKPbc,admin
admin032,9TjArFe7,admin
admin033,192v7xTh,admin
admin034,hrJDJLsR,admin
admin035,obBpfEep,admin
admin036,31k59dB3,admin
admin037,bGleOjM7,admin
admin038,IRy36qNi,admin
admin039,pKqQmkUq,admin
admin040,wwfOgYwV,admin
admin041,TKYWfMJw,admin
admin042,rOM4de72,admin
admin043,Ia5chJ2l,admin
admin044,Aqzyl9M3,admin
admin045,5Y5LTvE3,admin
admin046,eig4AX4F,admin
admin047,afyIbzg0,admin
admin048,MIh8Of1A,admin
admin049,PiuoVwWn,admin
admin050,X98ESYcU,admin
