user001,3mhzQDTY
user002,vDZQm9a5
user003,f3DhPMWN
user004,azqnMov5
user005,ChqTjLAw
user006,TJvP9rqn
user007,Wx9JGaUu
user008,I5czPKJG
user009,pfjF4umS
user010,sjMCJ2RT
user011,ATpQBsVh
user012,hP9ZtdjW
user013,LEYAByXK
user014,0IsWwr2Z
user015,en5UJI1v
user016,RPfQuk3y
user017,h0W5aAcE
user018,aMSoDlmP
user019,5ZWXwSrl
user020,d0EFZc2P
user021,8iISETZA
user022,FOihtjk0
user023,1exfZWwG
user024,rFVo7izy
user025,ZvwNbUd7
user026,QYoPGOvu
user027,U8AiRtwd
user028,OXTjPoLS
user029,46ARlhzy
user030,MN4GZUBw
user031,TyZlN9JL
user032,DYCdnH2w
user033,m3lhDYWA
user034,yZ7I5EVY
user035,7gptKJXP
user036,hQ2wK8Zy
user037,G1WyC6hU
user038,zQO0M2tb
user039,9iWTnEHV
user040,dN4zK6Ui
user041,oGmEZIDP
user042,wslaHSrT
user043,mxybFK0X
user044,XVs34GmZ
user045,WbqpczDo
user046,thvzsqfG
user047,lYdhs638
user048,QkNMwx45
user049,bYScDBaH
user050,LD7z0oXb
user051,DMByUlIL
user052,nuXgSLCR
user053,8baHBCui
user054,fJMdiznP
user055,7s6E9Buf
user056,sAYj9nyo
user057,7dBgwuz2
user058,3IdRjqkm
user059,0KhoklOR
user060,QSgE4dXZ
user061,59sp3A1O
user062,x5dDgN6L
user063,zDTiPxgO
user064,cTJu0otq
user065,tMWg80sr
user066,rotwmp6S
user067,zceDIwMy
user068,COnxSe08
user069,I9OJYsoz
user070,c178bKer
user071,ZQb6d91f
user072,aMcSPsgN
user073,CVH05GiX
user074,wrhuoklb
user075,7QxYcnqH
user076,JqstjM9h
user077,qbKndXsp
user078,Jq0iVz63
user079,XZ9781Au
user080,9nF3zalK
user081,5gJsteaF
user082,xXBupro2
user083,j5G9kWgD
user084,sfSoWrYB
user085,vQE5m8iK
user086,veLn0QHt
user087,UwGoDgKC
user088,VZleTK12
user089,Mk9OZFi1
user090,fXIMUDRw
user091,F89DzxPh
user092,PSi3Hcpg
user093,vYJxqilk
user094,Xg4v2CsS
user095,Oq72AuFd
user096,CLawXolI
user097,OcnkUJmq
user098,cGlFUC70
user099,vaLZT5lo
user100,3sPYCVd9
