admin001,R35YvRGA,user,224
admin002,G8bHDwRA,user,225
admin003,3PHNqrte,user,226
admin004,GXysI2pJ,user,227
admin005,rVhVwjVn,user,228
admin006,ASdIUexs,user,229
admin007,4DwQDJOk,user,230
admin008,WFBorMsy,user,231
admin009,1hjcB9jB,user,232
admin010,uEANKEAl,user,233
admin011,LbFykzbZ,user,234
admin012,jXNR3134,user,235
admin013,9BcfrZkh,user,236
admin014,PVzye0FF,user,237
admin015,YljeEsI9,user,238
admin016,fAwh9rRt,user,239
admin017,ZlFnZn4q,user,240
admin018,4BKwKBKW,user,241
admin019,ZBuMSlVi,user,242
admin020,LwvhNHNb,user,243
admin021,fDqlTRTy,user,244
admin022,t4gzMiB1,user,245
admin023,GB7bSk9k,user,246
admin024,m2bz8vge,user,247
admin025,dGZfZ0Ea,user,248
admin026,0oTBzbLn,user,249
admin027,FGEQtM4k,user,250
admin028,6uwQM6ku,user,251
admin029,Mdnw13t6,user,252
admin030,pSpnA350,user,253
admin031,9llhKPbc,user,254
admin032,9TjArFe7,user,255
admin033,192v7xTh,user,256
admin034,hrJDJLsR,user,257
admin035,obBpfEep,user,258
admin036,31k59dB3,user,259
admin037,bGleOjM7,user,260
admin038,IRy36qNi,user,261
admin039,pKqQmkUq,user,262
admin040,wwfOgYwV,user,263
admin041,TKYWfMJw,user,264
admin042,rOM4de72,user,265
admin043,Ia5chJ2l,user,266
admin044,Aqzyl9M3,user,267
admin045,5Y5LTvE3,user,268
admin046,eig4AX4F,user,269
admin047,afyIbzg0,user,270
admin048,MIh8Of1A,user,271
admin049,PiuoVwWn,user,272
admin050,X98ESYcU,user,273
