user,password
user001,3mhzQDTY
user002,vDZQm9a5
user003,f3DhPMWN
user004,azqnMov5
user005,ChqTjLAw
user006,TJvP9rqn
user007,Wx9JGaUu
user008,I5czPKJG
user009,pfjF4umS
user010,sjMCJ2RT
user011,ATpQBsVh
user012,hP9ZtdjW
user013,LEYAByXK
user014,0IsWwr2Z
user015,en5UJI1v
user016,RPfQuk3y
user017,h0W5aAcE
user018,aMSoDlmP
user019,5ZWXwSrl
user020,d0EFZc2P
user021,8iISETZA
user022,FOihtjk0
user023,1exfZWwG
user024,rFVo7izy
user025,ZvwNbUd7
user026,QYoPGOvu
user027,U8AiRtwd
user028,OXTjPoLS
user029,46ARlhzy
user030,MN4GZUBw
user031,TyZlN9JL
user032,DYCdnH2w
user033,m3lhDYWA
user034,yZ7I5EVY
user035,7gptKJXP
user036,hQ2wK8Zy
user037,G1WyC6hU
user038,zQO0M2tb
user039,9iWTnEHV
user040,dN4zK6Ui
user041,oGmEZIDP
user042,wslaHSrT
user043,mxybFK0X
user044,XVs34GmZ
user045,WbqpczDo
user046,thvzsqfG
user047,lYdhs638
user048,QkNMwx45
user049,bYScDBaH
user050,LD7z0oXb
user051,DMByUlIL
user052,nuXgSLCR
user053,8baHBCui
user054,fJMdiznP
user055,7s6E9Buf
user056,sAYj9nyo
user057,7dBgwuz2
user058,3IdRjqkm
user059,0KhoklOR
user060,QSgE4dXZ
user061,59sp3A1O
user062,x5dDgN6L
user063,zDTiPxgO
user064,cTJu0otq
user065,tMWg80sr
user066,rotwmp6S
user067,zceDIwMy
user068,COnxSe08
user069,I9OJYsoz
user070,c178bKer
user071,ZQb6d91f
user072,aMcSPsgN
user073,CVH05GiX
user074,wrhuoklb
user075,7QxYcnqH
user076,JqstjM9h
user077,qbKndXsp
user078,Jq0iVz63
user079,XZ9781Au
user080,9nF3zalK
user081,5gJsteaF
user082,xXBupro2
user083,j5G9kWgD
user084,sfSoWrYB
user085,vQE5m8iK
user086,veLn0QHt
user087,UwGoDgKC
user088,VZleTK12
user089,Mk9OZFi1
user090,fXIMUDRw
user091,F89DzxPh
user092,PSi3Hcpg
user093,vYJxqilk
user094,Xg4v2CsS
user095,Oq72AuFd
user096,CLawXolI
user097,OcnkUJmq
user098,cGlFUC70
user099,vaLZT5lo
user100,3sPYCVd9
user101,XW7OVu9m
user102,sGopjgfN
user103,kIfHcBa8
user104,J12GWB70
user105,6bxuCNcH
user106,MzK4tsfT
user107,21QGSPf4
user108,ev3PcN8l
user109,lCAqZPYE
user110,lzfJiNtA
user111,qKT7zavB
user112,3dYo1yZv
user113,fL1sMr8N
user114,2bCiD4lR
user115,RV2QDEON
user116,AnFw0pJ7
user117,lPrW0knj
user118,GFKseL8U
user119,fLsKtYym
user120,3jahWJ81
user121,5ROanpH7
user122,K4953NQJ
user123,0j29ysGe
user124,vpwGxSzc
user125,XWqRMBQU
user126,4KYxTHgI
user127,BYelJTDH
user128,enhyijxP
user129,aurSbBFc
user130,76bGDot1
user131,Qquz1I23
user132,GLe5A04O
user133,nFVUOsfa
user134,Dvhlcmue
user135,VhuE3gHr
user136,dsQ81tUD
user137,tycBiksG
user138,UwmF7405
user139,jbOABhJ5
user140,dY7QWPUw
user141,W27VyiEU
user142,QJrO9d72
user143,kGvMzod6
user144,Jhrdvkox
user145,FOM47D1N
user146,dBGWLiOw
user147,lP93nvfp
user148,KROIxdaQ
user149,4JbKIsfL
user150,dwWevmtE
user151,ro3QBG4v
user152,a9UcVNtm
user153,aAV2GNlk
user154,2DC1zv3t
user155,0AdSY15P
user156,xReoB4yS
user157,hpBitba4
user158,VwPFiaor
user159,0cDAU1pr
user160,nfZyVbJH
user161,sL29FjmJ
user162,NyitlFYu
user163,keyQ2OGi
user164,dDWPvhqe
user165,qJ6k51Mj
user166,sRAhKYZi
user167,ly7Fdtib
user168,1gxWXCwp
user169,VkBHJsr7
user170,MBp4aqHT
user171,rpNCJMU5
user172,qsfS41yK
user173,DMzpN3jU
user174,zWQjJBh1
user175,RiV0bsWz
user176,mEgpSA92
user177,EPirKdCG
user178,3ctJ4CVE
user179,i8kXsmyf
user180,01r3znvm
user181,tnjygYx3
user182,TMGtRDFH
user183,0ynpbhBu
user184,vyIZwb8o
user185,HrmJ67wt
user186,VpJjzBwX
user187,UMcbd9Im
user188,1xu4Idyz
user189,7oI9neA8
user190,h79EKpJ0
user191,OrtHZK9g
user192,LrE5QpWD
user193,btWDPk0A
user194,lNMiBzjZ
user195,3legbtd1
user196,HxtorYER
user197,9DNzrLVG
user198,4ft9n02W
user199,c3tsLTpM
user200,MrNAQLtu
user201,kjEnpDFR
user202,pWBagwnb
user203,lnwap9Mc
user204,Tx3UQlgG
user205,T1NK3Aqm
user206,aOAbtUoy
user207,SpZnlCde
user208,F1coP47y
user209,fb3Np86d
user210,hexSCEkT
user211,ZdWLhjpz
user212,0jCIklKF
user213,K0rRQHqt
user214,yYEfJ1A7
user215,f4Pcu9YE
user216,rGkCZB8f
user217,1hWQOUaS
user218,dPEwKCG9
user219,leIMsaCr
user220,kpMYqLgc
user221,ojYdu4Br
user222,lLkom2tW
user223,RJ9byLZr
user224,fVYpNiA8
user225,JdfgBjRr
user226,An73OpKg
user227,N39lToWA
user228,eqbv1RmI
user229,QHKwsLqk
user230,YrMpeBhT
user231,ASINLy87
user232,7Oclz301
user233,5neZhXyH
user234,XvpISCsx
user235,FdnYiEAR
user236,iTAhzU2S
user237,slPZBdAT
user238,Xev8phHg
user239,f56MF1c3
user240,yrKHjmGT
user241,twuKHT6o
user242,Nsf6oHOn
user243,X92IwfyS
user244,yRsuTKX4
user245,u4dKCE6J
user246,FX61AipW
user247,tIbNhipz
user248,pwZx8Oco
user249,UBfiYmSV
user250,HzblyBjS
user251,AR6jf1hX
user252,z9j1SDAb
user253,K3fDmRVJ
user254,lrinZPjq
user255,CDmqNrSW
user256,fG02y7gk
user257,oOTtL8xe
user258,J89d362L
user259,niW3dIfP
user260,KBuxLrE2
user261,a3g0TuZr
user262,9WbtH1OV
user263,e3kbzwEc
user264,6ndiubSx
user265,29SqKhom
user266,UhOEcIVT
user267,SymZqpn7
user268,jAkREeu6
user269,5BKciVbM
user270,f3ZnpYRO
user271,BC8HfyNR
user272,hPflq5FL
user273,DZAtNHfr
user274,Wl1D7cOd
user275,vZBmLOyw
user276,31xC4nUf
user277,kH6gOwcM
user278,D4ORBrwN
user279,HOL4Q0f9
user280,fJpyHiv8
user281,dIqb0fDT
user282,U2KxewTc
user283,I2tzskDT
user284,yFE5LTRa
user285,XGUtJQg2
user286,YN2Q7LbX
user287,aiJuv2kD
user288,MF2exSQh
user289,Ggm90viZ
user290,3LnZjsX2
user291,0T4jnRug
user292,gxLDZ4jO
user293,D8JMqd9h
user294,S4KgEbP0
user295,2X9Mj6JP
user296,L8SnAoMQ
user297,4yTUP2JO
user298,Pq50gcUn
user299,6ReSzU3n
user300,UEn4bGkL
user301,aLk4AEVU
user302,SBt2XR4o
user303,eHrlPznV
user304,GyrVXfJT
user305,E3mwaDWJ
user306,HegxMOvQ
user307,lL7dQEXC
user308,9c13Qmi2
user309,k7nR9Pt1
user310,CaulIUF8
user311,3gLtoq1O
user312,nPtFzUd2
user313,iqdmFpS2
user314,zkHhq1sr
user315,2cHAFvMR
user316,xDKtB0lz
user317,Iyl1xoah
user318,WPHpFcmQ
user319,wR4yhkVq
user320,dpto7fnq
user321,4se8mMAO
user322,LWy569EP
user323,iQuMr6U4
user324,B6rVvA4C
user325,cIu7kg3J
user326,NpWhKEdQ
user327,gzKJGhBD
user328,wiHP7sCS
user329,kJN6p4vl
user330,AOWGg7b1
user331,C2ivfGES
user332,IDd5wQ2r
user333,PSme5kWI
user334,sD0VKeHa
user335,Ri5tTAeO
user336,noVYHLJA
user337,5INcG1zr
user338,0XuQn8WL
user339,8FWkeR7C
user340,oVObTXSm
user341,PXBeM0LU
user342,U3vkIhZA
user343,pPA8HOrw
user344,SntbgvyB
user345,3WDMrUqG
user346,Dmx9Oftc
user347,waBR1LAQ
user348,oAUpeIz3
user349,dxqVWIgZ
user350,VMEdqeFu
user351,e7cEwVTn
user352,Ep97Nw5M
user353,2m1kg3Eh
user354,IG5EZlrM
user355,9hD0LIns
user356,gfjrGn5F
user357,bvNodiqZ
user358,8CkJlOHE
user359,TcxPOMYo
user360,IpAOaJXY
user361,YXj0dBsK
user362,O57oV1YS
user363,5ZNS0PKq
user364,1GWetp3a
user365,kq4zfF3Q
user366,OuPFciUm
user367,pH2y4rT8
user368,5IZDtaNX
user369,k3m4DjsE
user370,Dc9fpHwE
user371,Zi3Wvc28
user372,BXjs0wnp
user373,kn4a9GCd
user374,816mfVjD
user375,cTfsdVSt
user376,WqSXN7Ba
user377,k7HP8NCA
user378,WkDHL46V
user379,JXLcQnaI
user380,pmgf9VLt
user381,e5IctfVv
user382,LD2Ktywg
user383,QwHBmVt5
user384,KIHTpg7W
user385,pQlBTC34
user386,xe4SywGK
user387,f7gMsHAN
user388,M0a8Irg2
user389,Hr6AvcQn
user390,BLXA1tWr
user391,FH8ehJqa
user392,xaBU4RK7
user393,zsLJqBXx
user394,1m5JYSKD
user395,ByYl1Ser
user396,kawe3QSZ
user397,51msaJwd
user398,8oT09Rsv
user399,17cYg638
user400,9hPYXBxy
user401,JzmUDoQj
user402,AS7aDyYn
user403,c4Day2m0
user404,nUJLSuhO
user405,fQu2AkKI
user406,x5joLW1B
user407,w8v7rzR0
user408,o4Pf1W5T
user409,kUotXFx7
user410,CBcrPyKW
user411,3ZLs0byv
user412,Zl9XaIxs
user413,6g5ilLmV
user414,TD8lBCZn
user415,MStvfIrK
user416,S0yZcrwo
user417,1VQLnrBS
user418,3nUkHy6A
user419,fEUsjV6B
user420,ufUpMBwv
user421,d7Ruqne8
user422,waIpVB9U
user423,WKHr8eVh
user424,Q7U2Kjei
user425,C7FxBGbN
user426,lyRnicZg
user427,vWkIVJhD
user428,ZdmMO9fa
user429,goLi10Xm
user430,0n7pHswt
user431,3FtiSwNR
user432,DXsiB3Qx
user433,NcbgjtLC
user434,kKSL4zBD
user435,h7KQ08xX
user436,AIoGPSsw
user437,5C1kpsTl
user438,9VQONI2H
user439,52XjdPp0
user440,Sxv82rac
user441,6X5ZeEVt
user442,tnEef7rY
user443,mbvN1eIz
user444,KlQ2Rm6g
user445,ZjK5UB3J
user446,HZzlnp2P
user447,eqCZjtoc
user448,cpgm5rj6
user449,FGQRWKDj
user450,Lam25bwG
user451,g4Shbran
user452,Waj9yF3Y
user453,GYQkvi3p
user454,tk6pUyMI
user455,dyhJkOTW
user456,vXOs2cw6
user457,m02ewxUh
user458,jDi8qUTF
user459,eQFDo9N5
user460,mtFCKQ8u
user461,L5GcBqjO
user462,wuMEpTm7
user463,Y0aNcQot
user464,ujbYaUz0
user465,X8go563F
user466,eW2ODrkH
user467,8OsqJHMn
user468,xVQf1G7L
user469,RulmoUD0
user470,iDqeBEJj
user471,pA0zIskt
user472,l92GJXVx
user473,02DK3FAM
user474,Q5xKlXuY
user475,W3dpD0AB
user476,wYc0B8fP
user477,JXze3xAo
user478,uUwmitIX
user479,ReSHvLf6
user480,KmHWvDFk
user481,EBsc7QdK
user482,NdQGFLTJ
user483,hw5srE2f
user484,lLc0Sz7R
user485,xcR7fvPO
user486,cDEpIkVf
user487,a3bi1PxF
user488,0RS9xu8m
user489,TzOx93Go
user490,qOkdXwSs
user491,1m7lCSEV
user492,svwgBLDo
user493,fGT05gzl
user494,E07UGjIA
user495,MIXAQd9L
user496,xVHi2MCe
user497,THYXrkKe
user498,nGwJQm6q
user499,kqXVKWdL
user500,wrCtelYU
user501,BcTs2bkE
user502,pJzPiKe0
user503,A5Hqs6Bh
user504,HNREOa5U
user505,TFkI9Atb
user506,gthV78Rf
user507,VHbuNSvE
user508,hBcoC9mV
user509,8nBJQDxq
user510,Hhx03Wad
user511,0uRqX2Jx
user512,2LheNlm5
user513,R2d76VGZ
user514,raXg6TPM
user515,ObysWkT7
user516,J5LsjdZM
user517,dvQZ05Um
user518,yx63bcT2
user519,qL1a3mpo
user520,mnoMN16g
user521,nr12ofRq
user522,2rg0waTi
user523,fDW9lYKH
user524,djLSXKmT
user525,qPHnGgXT
user526,aZHleFCb
user527,Q6VGWqZu
user528,2AIuFeWl
user529,mi1BulWz
user530,JAbHNW8T
user531,pkEMGK9S
user532,CJWa9dw2
user533,HOFg7Vca
user534,FYycBzSh
user535,OaAnqyk2
user536,5CpghETD
user537,yhQLGuU7
user538,MtLAS1G3
user539,NV7XC8ug
user540,pbXtCUJY
user541,Xxv5eyw1
user542,DdPyZC2x
user543,UzunZyKb
user544,qY7Qhc9f
user545,fWEHGFgb
user546,SMfE1V84
user547,cFwUNixy
user548,16QNKtkO
user549,T6L1oswQ
user550,dI14SM32
user551,hqxMZ1Up
user552,nB6PcMjK
user553,LV98pqx1
user554,5OUjMR2b
user555,zrUubDas
user556,BJytxXla
user557,gdojeQhy
user558,PSbBigEr
user559,Dwe2gsZ8
user560,pkT0V6RB
user561,jHvlBEF3
user562,JTh2QtBi
user563,6VQyD2oO
user564,JkKlvHg0
user565,1SFb42eL
user566,Tc4kmRA2
user567,0OA7pvuK
user568,JpytbDfO
user569,7K3xzjdG
user570,NtZblzC4
user571,o9FWGnfw
user572,oAZS2q0j
user573,7WCaNSzZ
user574,AfkQxaIe
user575,1owlVtbJ
user576,AaZbSOuK
user577,G5Vyj9DX
user578,Riyw5XzY
user579,GIWsz7Eu
user580,Z1d8yGK5
user581,FVOuAm6j
user582,ldeNzZIJ
user583,K2TLjr7x
user584,OtAuZcLE
user585,rT1ym0LF
user586,PqpR3urV
user587,jABtZkhC
user588,J5jCqBGw
user589,p0UH6tjO
user590,AOwLnj2q
user591,DPdXrCAa
user592,qru2fBvg
user593,CGWTLn2V
user594,yS2G7rEw
user595,sEiJN2nP
user596,KCqBaH0O
user597,NACLUg9w
user598,lVv9wAgh
user599,L0fyP9Jc
user600,xactKlez
user601,t0C18BIx
user602,rsuZzpHU
user603,qvX6zPMY
user604,14Zpma5w
user605,GwC8V1EJ
user606,S8aMzBvx
user607,FxSA37bL
user608,HlSsAIdm
user609,oiI7Wz5F
user610,5GVP6qsy
user611,hGUkiLSa
user612,vQcWIyPL
user613,keOYB86c
user614,qOm0rA7e
user615,e8X9ExNG
user616,SCoWbQwF
user617,cr7bRkAZ
user618,MwYsqvS6
user619,lyGJWqPf
user620,0xjUmfqM
user621,sPk4Wd2r
user622,z7ZGy9b4
user623,jHZ0ARDN
user624,pbnUWHBF
user625,eTNRhVtC
user626,4tiI65qN
user627,CTE48d1Z
user628,GESdBbRp
user629,3W6SXN5q
user630,XL7BFcEy
user631,4zsYqkHN
user632,bO3E7N54
user633,TvLeOGD3
user634,2GQzMNTZ
user635,IK6vBQmn
user636,nNQ6X1xh
user637,5HYE2RIr
user638,vUDLaCFK
user639,wPXZVSpM
user640,k9CJoyX5
user641,upegWPd1
user642,lyuKUnA3
user643,fLlWSOGq
user644,r9ulhO5Q
user645,pXE5Say6
user646,4blRMmPJ
user647,qgZ3CBGI
user648,1uQTrRFs
user649,r5f2uJa8
user650,gGXlr74m
user651,hEFP6VvZ
user652,Md3cR8wB
user653,LaCwEuSy
user654,uGT7JCti
user655,fmpoyB2O
user656,9UeVSP50
user657,Ntq9kQrc
user658,L27RHMXk
user659,PYpJAwac
user660,6dfZuLHq
user661,ucZ4Q5en
user662,VlBeTpQD
user663,KT1iLWlQ
user664,jONoBQRc
user665,VTBzomU4
user666,U1ExkqWn
user667,N5r1bKH4
user668,n1E2P6Js
user669,9XB3fqkK
user670,FBmP1LKN
user671,T6FAJ8Ox
user672,EyDenYNf
user673,ZYyQg6FU
user674,G6H0reqX
user675,XiL0U9ro
user676,L4h0K8nk
user677,JG7qLeCU
user678,PXOY7nqI
user679,DNZG7Ecm
user680,9kaVLyRe
user681,GSqVrhQ8
user682,IiX8uCf0
user683,yG1hEnzm
user684,UjYbaDgl
user685,QxmfK3HP
user686,x84af06I
user687,lwiCZa0G
user688,vhcHwXLu
user689,SDPb31IM
user690,K4JDGU0a
user691,SOB362rD
user692,r2bC1ohc
user693,uBLJMXbi
user694,OLBXzPj8
user695,QdNwHCOG
user696,QY79bWCI
user697,1reAEJH5
user698,WRiXq9Yx
user699,nS6oeJwZ
user700,AXTchmIN
user701,D8mrkaxS
user702,azeKf1tT
user703,KSzTMPJc
user704,GirTJPcC
user705,ie6GT5SE
user706,iwhOo1yr
user707,yzOJT1lZ
user708,hol7N3zW
user709,v6qnsrW9
user710,952peKBr
user711,jdrk40Kt
user712,rBLbh9gu
user713,6yqkxUWm
user714,HrCzTc9m
user715,uTk2MwAe
user716,n2BIQG95
user717,OSzlHfoF
user718,4FEtcw7B
user719,AvDrFSBN
user720,8OvBWgGY
user721,mIyPWJBj
user722,talCc5L2
user723,GsImHcRS
user724,mX7ztcOC
user725,ri5PtegA
user726,DHXuS07J
user727,f2EgtqMX
user728,7VQYB5WU
user729,rqK3PJBt
user730,nTPDzs7Y
user731,uOwHbqGC
user732,N2waAMic
user733,jf0tWbhs
user734,IrnRPTVB
user735,lgJcEiyd
user736,38inxC0h
user737,Ir8O1ojT
user738,oxumzs48
user739,Fg6LvUwE
user740,QwCeEagV
user741,X9qyroL2
user742,17lDUi5X
user743,BFry2f3b
user744,LFte5sHn
user745,WU9Ik0NV
user746,lhGatg21
user747,SdByTZ6P
user748,WZjxFQzh
user749,A8Ra9qMr
user750,Pi1t3B4K
user751,U5MqITbK
user752,Gwg8Vxbk
user753,4UFTuWsB
user754,LYzD0SmH
user755,dfZSUJ6n
user756,UoRnBaY2
user757,yQAzMlbY
user758,CTnUhc2v
user759,wzUFsIRB
user760,Sa6yHR45
user761,5nQjyCSs
user762,N812ngtM
user763,uGPbdfcT
user764,jULHG05T
user765,0myqJtZe
user766,3De652zb
user767,tWgZ2zur
user768,jGsdRVr1
user769,1yWjx2ba
user770,i68slUNh
user771,hGgat6bT
user772,VXuAPocz
user773,Wxp3wgvl
user774,y2HigznN
user775,5qxoYLld
user776,zT4rJSF1
user777,o3MADn1b
user778,3du6Wz1m
user779,IzpqkKfN
user780,YiENcGDb
user781,Iv380duL
user782,JvaAPlqm
user783,nhd4zwMy
user784,B52lqc8Y
user785,4lNG05X8
user786,UNY4Fb5o
user787,HnRLoahk
user788,JL8BuqnY
user789,4Zi5Kgqu
user790,d6QeIPNL
user791,rhk1CTqY
user792,PpV7OUkM
user793,GxdOk1Bj
user794,R69vzkUQ
user795,b4pqOS9C
user796,rJZQaAnt
user797,2ezYSajJ
user798,G0gKlr14
user799,Irh28ysF
user800,KwNFOu38
user801,IC9J10Vg
user802,cRXyV6GE
user803,6sg7CrHK
user804,vAKCUlx8
user805,osCIDFTG
user806,4BOm0XFt
user807,buCtoWTj
user808,qwBrtXO6
user809,3GdAzwvx
user810,maSvox1z
user811,GfDSnEok
user812,UpmDu4yf
user813,Ra3x1MBp
user814,G4fmCOW7
user815,b517BSEp
user816,qVdpN9rn
user817,79uDXqwy
user818,ndP9hxIe
user819,80uvFsXC
user820,CK4fLpTF
user821,Je18ySmU
user822,LIxrQA6F
user823,WsCzq1Vm
user824,leQq9ocV
user825,JCAhdmqR
user826,K8EGYUoq
user827,erj8TAyN
user828,7rFTMWPJ
user829,sy8Kk2Xi
user830,DtkviZPn
user831,wEoulGcQ
user832,r7xEd86j
user833,QYNXRg7o
user834,Pf7OScmr
user835,h63BT5yF
user836,7D0qxlA9
user837,Af3Vo17Q
user838,mYnDTQ58
user839,pfzL0Qam
user840,JQhRTUfC
user841,5wSMhygC
user842,kNBJQptg
user843,gK5cBEHh
user844,CTjOMgo9
user845,ndN9OZyJ
user846,HNX26xKC
user847,pWh82a9g
user848,muzkTEUg
user849,Uac9i2do
user850,qNvgLGCs
user851,ZieHfT8D
user852,iKM7JbGp
user853,KY60giq2
user854,cr4zasHN
user855,6wW3LvC8
user856,UQR7sTHq
user857,dkMmTZrq
user858,J43iYpjz
user859,TmbsFnI2
user860,PQN0hR4p
user861,cl4bZ3VU
user862,w9LT4hg6
user863,lWbSjwL6
user864,hWsdT6Cw
user865,PGj89Kow
user866,R6ZManEO
user867,d2HjxbBN
user868,wMhyNpxO
user869,oFy7LjnG
user870,XdRym1we
user871,iVY2CX3U
user872,TmLyWk5E
user873,0iLrEqsI
user874,opSnjVfu
user875,X2QjivnB
user876,j9POtv5V
user877,qInGiPo4
user878,VLpAiNs0
user879,LHKXaUtk
user880,9slkePvb
user881,ygUQpGRe
user882,Xeyx2U63
user883,etbwTGin
user884,rOqx2etf
user885,K4okyn6w
user886,D96UIKEQ
user887,dEa2Q5VH
user888,l3GN8uhd
user889,ukPeF9BQ
user890,qIL1pgrS
user891,pfbFVyYN
user892,h6wimMEp
user893,UwQW80pO
user894,M7J3hQT0
user895,IcKjJXkY
user896,s71NrDOw
user897,90XKZ6mo
user898,ZqLMA7mF
user899,xgIsdviA
user900,uiaDX9j5
user901,GjA3VW6P
user902,H71bm8SR
user903,FY3pNIv9
user904,8dWpLEOg
user905,joqc49Xt
user906,rKtYTw9f
user907,zar02gBO
user908,rxlKz1TD
user909,NPDvqbtB
user910,92AGaiOy
user911,hyVHaGlI
user912,t8cCkGJV
user913,7CjvbSBT
user914,xLQYvZSa
user915,gPQxHiSf
user916,hEdZBfkm
user917,4LSkhQIZ
user918,vrxqfjWo
user919,DcxFCGMw
user920,nJhrkZTR
user921,Wq43aNRM
user922,jv7WprAc
user923,6izMZXIf
user924,8NI7Qswg
user925,Stl7EWA3
user926,7mwI4JKP
user927,r13bSCXg
user928,m4XteDT2
user929,KxyfJbNp
user930,wCD1tvY4
user931,OWNrubFR
user932,FzXrOUVb
user933,oa6RcAxY
user934,MivY9BmQ
user935,WYAKPIXk
user936,HwoxeDtd
user937,c5Pv8osO
user938,c6wbqQVh
user939,28J5ZRpi
user940,7kdFNHKE
user941,5mbcnE0B
user942,jRpvC4NT
user943,fGkVbD24
user944,Cr89sGd1
user945,qcC7HyoS
user946,KgNfvZAJ
user947,2BUu1txD
user948,AWBC9TRP
user949,zhoSLHWj
user950,NB2Qm5bj
user951,VIGZHwPt
user952,bFrj6gi9
user953,jKhwYfbH
user954,KqtHk3z4
user955,rvWM41uA
user956,Pf9rO47C
user957,8Z1LmW2w
user958,trBnV7W3
user959,5d9XGQpf
user960,J4erndQy
user961,FUob4HYT
user962,GCB18gEe
user963,gUaA9yTD
user964,ApiCMTEK
user965,8Bbt2ej0
user966,wYq7XCos
user967,iBW0LG9z
user968,g8u14xij
user969,Nb3qZ0dE
user970,6SqFNILV
user971,mM1ej0wo
user972,5P2LKvmN
user973,uC6VilWk
user974,nM3HPSQF
user975,G2tDbWKm
user976,Xd0nBE71
user977,PvYL14Cy
user978,8RLcBFXv
user979,lcHxdrnk
user980,vczA148R
user981,IFXe9jv4
user982,6DIiQnpj
user983,Amfyz9wK
user984,aL3OeFTp
user985,cmGbgzyq
user986,8JL0NAlb
user987,amNjsMrk
user988,6jRDQiWS
user989,jSsh5lRX
user990,H072v8G9
user991,pqUBlwWg
user992,MZsuf8VL
user993,VM82AzWq
user994,Tnpc4Efk
user995,yJhiVG3H
user996,hB0SOp4v
user997,PmslIZk3
user998,RcTu3kPB
user999,C4BuQsWj
